POSITION,JAN,FEB,MAR,APR,MAY,JUN,JUL,AUG,SEP,OCT,NOV,DEC
21N 107W 1946,32,29,59,19,61,29,-2,0,-3,0,14,-23
21N 107W 1947,17,34,33,53,11,17,1,0,-18,2,3,-6
21N 107W 1948,-6,18,129,50,61,45,0,2,-11,-14,-7,-7
21N 107W 1949,7,7,37,46,23,9,0,-1,-35,1,-24,6
21N 107W 1950,11,13,34,28,76,11,-18,5,0,-43,-7,-18
21N 107W 1951,16,40,53,147,101,52,0,-19,-12,-4,2,9
21N 107W 1952,0,9,94,38,26,0,-15,0,-32,-31,12,31
21N 107W 1953,9,8,58,77,108,17,0,-4,-34,-9,3,28
21N 107W 1954,22,17,117,34,59,13,-9,1,-62,0,9,8
21N 107W 1955,49,48,102,236,205,68,-1,26,-1,7,23,6
21N 107W 1956,5,121,83,186,86,25,8,16,-19,1,1,6
21N 107W 1957,6,16,136,160,216,106,7,4,-2,3,53,-9
21N 107W 1958,0,45,203,222,49,49,2,25,-28,-1,3,-1
21N 107W 1959,27,44,121,118,235,78,38,35,14,15,9,7
21N 107W 1960,41,177,161,55,71,7,-1,6,-48,-1,2,11
21N 107W 1961,3,18,115,39,48,19,-4,-2,-11,-13,13,14
21N 107W 1962,18,25,93,10,78,37,4,0,-26,3,4,17
21N 107W 1963,31,18,76,122,41,45,1,8,-4,-17,18,9
21N 107W 1964,59,93,185,153,80,62,3,11,6,1,38,14
21N 107W 1965,18,25,72,47,71,50,10,0,2,-2,9,2
21N 107W 1966,7,24,18,13,16,35,31,5,2,1,0,23
21N 107W 1967,31,21,53,217,90,47,11,-10,9,-6,-1,10
21N 107W 1968,-4,18,45,191,114,68,1,2,-1,0,28,15
21N 107W 1969,38,103,108,110,86,172,8,-4,-35,9,1,25
21N 107W 1970,59,24,170,212,92,58,1,2,-5,20,-21,8
21N 107W 1971,42,42,52,86,116,66,8,-1,-5,10,24,52
21N 107W 1972,86,86,128,117,74,97,4,-1,13,1,38,26
21N 107W 1973,39,52,163,116,108,83,16,10,27,8,19,33
21N 107W 1974,31,60,81,53,125,22,4,0,4,-1,5,37
21N 107W 1975,19,47,41,75,100,28,2,-1,-6,6,28,26
21N 107W 1976,21,33,122,125,119,36,30,4,1,16,18,35
21N 107W 1977,83,92,230,192,260,134,70,47,79,47,53,58
21N 107W 1978,113,176,209,359,392,220,135,139,113,39,139,133
21N 107W 1979,153,219,365,403,533,364,212,146,90,114,42,18
21N 107W 1980,29,59,212,223,330,204,68,84,104,31,32,4
21N 107W 1981,4,58,244,206,392,423,56,32,42,33,45,41
21N 107W 1982,99,210,344,407,458,455,72,71,22,77,9,9
21N 107W 1983,13,113,292,362,399,348,30,32,3,34,40,42
21N 107W 1984,34,84,203,356,226,141,8,29,0,97,72,33
21N 107W 1985,42,124,299,222,372,205,28,58,16,9,58,34
21N 107W 1986,7,137,114,244,396,151,21,46,56,6,40,36
21N 107W 1987,43,77,168,215,291,193,26,25,46,3,28,42
21N 107W 1988,24,99,149,261,324,155,28,14,23,22,53,28
21N 107W 1989,101,67,181,228,377,322,70,29,6,30,37,16
21N 107W 1990,83,137,235,297,376,171,31,37,11,0,8,12
21N 107W 1991,43,58,195,202,255,92,18,24,6,-11,-1,32
21N 107W 1992,5,44,265,162,204,191,20,28,-24,26,39,42
21N 107W 1993,63,124,135,207,267,202,64,0,2,62,21,29
21N 107W 1994,37,121,198,202,360,119,65,28,26,33,66,101
21N 107W 1995,57,65,159,233,356,204,27,17,5,29,5,16
21N 107W 1996,14,89,170,149,261,178,60,3,2,6,1,31
21N 107W 1997,30,116,92,147,95,143,16,2,-46,6,-2,27
21N 107W 1998,41,151,285,426,316,143,4,-2,1,0,66,52
21N 107W 1999,8,65,139,282,234,151,47,24,26,3,-1,9
21N 107W 2000,20,61,176,170,175,30,63,19,32,55,114,21
21N 107W 2001,166,163,223,192,202,162,44,32,-15,18,25,120
21N 107W 2002,86,91,197,250,226,242,22,53,3,62,3,99
21N 107W 2003,13,231,204,282,207,278,24,12,0,-245,-455,-473
21N 107W 2004,-384,-223,-200,-270,-342,-26,-72,-111,-388,4,12,-3
21N 107W 2005,-2,14,58,35,24,13,0,-7,-39,0,2,14
21N 107W 2006,18,13,58,66,69,13,-13,-3,-34,-13,-18,-1
21N 107W 2007,-2,24,2,20,9,1,-10,-23,-65,-26,-11,4
21N 107W 2008,3,27,22,11,54,0,-47,-22,-67,-57,-15,-12
21N 107W 2009,2,-4,1,14,1,2,-6,-16,-34,-1,2,24
21N 107W 2010,3,31,98,231,236,72,4,-17,-3,28,43,65
21N 107W 2011,96,163,122,116,110,14,-8,-2,-8,2,26,88
21N 107W 2012,27,45,103,122,47,5,-9,-24,-24,1,5,49
21N 107W 2013,43,147,94,188,137,29,2,-1,2,8,12,57
21N 107W 2014,45,126,113,120,58,0,1,0,-29,22,2,45
21N 107W 2015,41,24,41,102,102,7,-2,6,-1,7,17,58
21N 107W 2016,90,50,83,196,169,35,1,5,3,8,6,50
21N 107W 2017,94,92,112,148,270,113,5,0,0,6,33,39
21N 107W 2018,52,107,203,143,123,17,16,2,0,27,48,48
21N 107W 2019,88,171,199,175,273,85,10,10,5,26,21,70
21N 107W 2020,73,106,174,185,107,46,5,-11,2,7,,
24N 113W 1946,55,54,113,134,253,166,62,57,50,16,28,10
24N 113W 1947,36,53,101,89,52,53,130,68,15,81,41,42
24N 113W 1948,11,36,120,98,126,78,42,32,11,56,47,27
24N 113W 1949,19,114,109,122,122,85,28,32,2,55,28,28
24N 113W 1950,33,95,100,101,157,139,17,91,78,16,63,34
24N 113W 1951,91,147,92,142,195,180,36,20,82,74,94,37
24N 113W 1952,72,69,79,87,97,97,30,27,10,35,31,32
24N 113W 1953,35,47,104,137,149,164,27,47,85,114,80,94
24N 113W 1954,61,40,40,166,102,84,14,27,13,51,28,48
24N 113W 1955,53,85,99,210,198,209,117,78,80,184,82,65
24N 113W 1956,70,107,163,146,225,163,77,107,57,105,52,61
24N 113W 1957,51,101,122,157,189,160,95,44,178,102,129,108
24N 113W 1958,105,156,167,167,242,228,76,72,62,85,82,56
24N 113W 1959,100,62,122,131,156,197,83,63,103,146,73,28
24N 113W 1960,109,142,155,75,155,65,8,33,2,42,33,43
24N 113W 1961,29,77,109,79,120,65,25,25,3,46,39,33
24N 113W 1962,32,43,58,84,118,110,60,28,28,87,71,37
24N 113W 1963,31,39,77,132,137,139,49,70,32,61,83,33
24N 113W 1964,52,64,65,122,158,150,34,43,32,19,21,9
24N 113W 1965,7,9,10,40,84,88,44,9,13,8,-5,0
24N 113W 1966,19,18,11,9,19,36,19,2,1,15,3,9
24N 113W 1967,35,37,53,125,105,134,77,41,109,54,17,5
24N 113W 1968,6,10,29,67,121,64,35,49,66,62,67,43
24N 113W 1969,17,66,103,119,107,75,42,28,38,7,0,30
24N 113W 1970,43,13,61,110,126,73,33,29,11,44,24,69
24N 113W 1971,87,92,133,145,152,130,46,18,35,82,100,95
24N 113W 1972,85,77,161,196,179,156,53,12,84,24,59,45
24N 113W 1973,68,34,155,142,142,107,55,83,122,84,105,72
24N 113W 1974,52,78,100,138,147,82,24,50,53,54,43,57
24N 113W 1975,45,85,133,185,130,93,37,46,50,96,56,35
24N 113W 1976,24,50,127,153,191,172,107,86,57,72,34,32
24N 113W 1977,23,96,153,194,184,163,79,68,68,36,66,31
24N 113W 1978,32,52,65,154,144,104,56,64,86,81,63,29
24N 113W 1979,23,71,76,102,109,128,68,93,106,173,75,18
24N 113W 1980,40,53,72,133,164,104,47,35,100,55,59,23
24N 113W 1981,10,16,55,94,90,66,40,55,64,62,52,18
24N 113W 1982,31,16,47,69,69,88,39,48,67,60,43,31
24N 113W 1983,35,94,97,96,197,132,55,40,7,48,64,47
24N 113W 1984,64,75,84,98,122,56,36,31,23,41,51,13
24N 113W 1985,19,25,73,59,121,93,22,20,25,44,28,28
24N 113W 1986,35,37,84,60,102,84,24,31,73,64,33,25
24N 113W 1987,44,49,80,100,88,145,68,42,41,28,40,44
24N 113W 1988,40,21,68,52,80,143,61,68,83,73,68,62
24N 113W 1989,33,58,66,125,104,85,53,65,32,62,32,26
24N 113W 1990,23,36,65,71,109,27,6,50,23,34,64,26
24N 113W 1991,43,53,75,113,162,118,59,52,36,21,62,32
24N 113W 1992,37,38,59,98,108,78,-1,16,-15,53,52,64
24N 113W 1993,38,43,96,136,117,115,67,44,43,76,58,72
24N 113W 1994,64,81,111,152,178,105,87,46,46,110,94,53
24N 113W 1995,75,43,111,171,184,197,73,50,28,157,65,66
24N 113W 1996,66,73,115,179,166,134,71,15,47,88,77,74
24N 113W 1997,85,89,88,143,119,113,87,48,2,101,75,90
24N 113W 1998,121,146,128,218,210,115,44,15,127,166,109,134
24N 113W 1999,80,121,150,187,189,141,81,80,109,86,138,72
24N 113W 2000,88,83,95,151,123,45,67,26,55,67,75,58
24N 113W 2001,70,65,89,126,122,87,40,37,75,70,125,102
24N 113W 2002,83,82,108,108,136,80,23,51,25,110,39,79
24N 113W 2003,42,25,106,135,155,182,49,78,41,89,131,96
24N 113W 2004,77,91,101,119,160,117,59,49,24,117,125,65
24N 113W 2005,67,38,168,181,143,136,57,42,61,152,130,86
24N 113W 2006,98,101,150,203,171,114,48,48,149,165,111,127
24N 113W 2007,95,140,168,213,223,163,50,82,98,125,98,87
24N 113W 2008,79,100,153,212,199,153,41,78,101,89,112,74
24N 113W 2009,90,133,154,204,162,212,58,99,29,20,51,29
24N 113W 2010,17,67,60,86,228,205,144,86,119,163,90,64
24N 113W 2011,74,94,157,174,252,219,106,74,100,153,67,50
24N 113W 2012,70,83,115,209,257,189,87,16,3,76,98,78
24N 113W 2013,71,120,132,171,161,113,66,31,139,69,60,57
24N 113W 2014,50,85,116,127,120,91,39,13,14,51,47,48
24N 113W 2015,23,40,46,118,121,112,46,75,5,44,55,74
24N 113W 2016,60,76,124,122,192,97,28,56,35,85,89,55
24N 113W 2017,68,71,144,173,182,149,49,86,78,113,79,37
24N 113W 2018,47,28,138,151,227,111,81,38,22,68,57,55
24N 113W 2019,43,87,105,153,208,168,69,42,55,77,29,45
24N 113W 2020,76,73,98,161,190,149,53,16,17,51,,
27N 116W 1946,53,52,119,165,332,294,171,141,169,61,44,34
27N 116W 1947,113,62,138,158,103,150,211,130,61,101,58,65
27N 116W 1948,56,77,99,119,219,155,103,97,84,92,61,27
27N 116W 1949,36,137,134,171,187,154,91,121,56,84,68,47
27N 116W 1950,69,107,117,155,191,180,52,126,107,78,89,97
27N 116W 1951,130,131,107,131,233,254,115,89,147,123,101,54
27N 116W 1952,70,58,108,111,180,151,84,72,68,71,64,40
27N 116W 1953,54,74,152,183,256,274,117,202,198,219,165,140
27N 116W 1954,86,122,72,236,168,178,68,117,98,107,53,88
27N 116W 1955,83,87,126,249,232,270,190,121,202,236,98,97
27N 116W 1956,95,107,204,163,268,263,155,195,156,160,67,56
27N 116W 1957,33,112,146,178,191,206,161,100,217,144,119,136
27N 116W 1958,173,155,157,213,289,297,158,97,129,105,110,68
27N 116W 1959,120,48,158,159,176,273,146,100,115,148,67,22
27N 116W 1960,77,120,160,102,236,111,62,78,52,76,47,53
27N 116W 1961,35,137,162,132,203,140,58,70,39,69,45,37
27N 116W 1962,34,54,93,150,202,193,148,108,126,101,100,44
27N 116W 1963,31,71,110,150,168,161,127,104,42,68,88,63
27N 116W 1964,82,80,96,146,255,242,139,117,105,67,62,99
27N 116W 1965,50,73,44,34,126,125,88,40,49,43,7,21
27N 116W 1966,43,33,40,36,77,95,91,33,69,34,31,44
27N 116W 1967,70,82,96,141,181,171,132,105,141,97,35,34
27N 116W 1968,50,45,89,92,143,134,103,94,98,106,106,66
27N 116W 1969,22,70,169,168,182,143,143,122,111,109,15,78
27N 116W 1970,81,34,92,153,218,162,109,133,105,107,84,95
27N 116W 1971,99,134,172,194,181,183,98,69,139,121,174,134
27N 116W 1972,120,138,199,236,196,162,101,58,94,64,77,81
27N 116W 1973,105,28,172,181,148,138,90,115,138,106,116,97
27N 116W 1974,56,105,123,208,208,160,67,115,94,80,60,39
27N 116W 1975,43,84,127,183,165,161,99,115,117,133,99,40
27N 116W 1976,27,51,127,158,215,214,142,170,57,58,28,17
27N 116W 1977,10,110,189,206,224,252,135,134,114,94,74,26
27N 116W 1978,36,43,73,178,173,175,128,113,95,113,64,31
27N 116W 1979,14,89,76,162,124,139,111,109,133,219,118,42
27N 116W 1980,29,41,89,199,230,247,127,85,161,95,77,24
27N 116W 1981,15,18,76,103,114,88,74,122,89,64,51,41
27N 116W 1982,39,62,66,113,109,197,100,118,89,75,37,44
27N 116W 1983,39,96,103,90,234,179,103,47,19,42,70,50
27N 116W 1984,70,115,105,143,173,160,76,60,62,79,69,10
27N 116W 1985,19,35,104,114,170,162,70,72,51,66,30,38
27N 116W 1986,46,63,101,89,149,196,112,108,153,91,37,47
27N 116W 1987,78,62,108,165,155,201,241,150,146,66,64,66
27N 116W 1988,65,35,125,86,190,229,132,200,159,123,110,94
27N 116W 1989,53,79,141,176,217,195,139,109,90,88,47,40
27N 116W 1990,30,68,115,83,193,110,62,133,89,77,85,33
27N 116W 1991,26,38,69,186,241,193,156,163,148,74,98,23
27N 116W 1992,46,21,49,144,144,172,38,91,58,92,71,55
27N 116W 1993,25,24,130,225,160,163,120,109,95,102,65,85
27N 116W 1994,79,48,93,170,155,163,133,67,88,117,92,42
27N 116W 1995,51,42,118,193,143,221,126,106,98,153,77,87
27N 116W 1996,119,81,163,199,216,180,109,55,85,120,97,62
27N 116W 1997,91,141,152,192,145,170,146,116,66,103,80,65
27N 116W 1998,94,103,104,178,150,180,105,56,133,136,99,88
27N 116W 1999,57,140,145,197,195,189,147,171,180,97,79,65
27N 116W 2000,76,59,115,177,185,135,161,78,112,85,65,46
27N 116W 2001,49,53,98,182,119,142,121,102,96,97,116,85
27N 116W 2002,83,76,134,122,206,164,84,114,101,130,55,72
27N 116W 2003,37,29,139,169,223,199,110,156,122,87,99,69
27N 116W 2004,70,82,127,132,185,153,114,103,55,83,109,51
27N 116W 2005,36,19,150,200,192,211,107,86,144,152,117,86
27N 116W 2006,113,95,144,162,157,139,77,123,182,176,141,136
27N 116W 2007,89,150,172,233,238,233,109,136,168,162,84,82
27N 116W 2008,40,125,209,274,216,184,100,128,167,130,114,65
27N 116W 2009,73,104,168,197,201,217,120,137,119,61,57,25
27N 116W 2010,10,57,68,45,152,257,207,179,175,123,80,56
27N 116W 2011,54,61,188,230,282,338,202,152,171,161,48,45
27N 116W 2012,84,83,144,180,304,338,178,94,38,110,110,93
27N 116W 2013,51,116,156,222,210,210,121,136,166,111,58,63
27N 116W 2014,51,99,141,163,170,211,92,70,82,71,68,51
27N 116W 2015,27,75,88,149,139,178,105,136,47,65,84,121
27N 116W 2016,80,104,189,133,170,144,106,118,105,113,105,53
27N 116W 2017,53,110,162,243,192,209,89,156,131,137,96,41
27N 116W 2018,59,41,133,209,218,180,110,78,101,78,63,66
27N 116W 2019,45,57,127,181,182,180,163,132,111,108,42,39
27N 116W 2020,92,85,69,173,231,198,151,81,69,92,,
30N 119W 1946,110,80,132,155,252,347,207,201,207,86,54,53
30N 119W 1947,110,60,111,191,114,176,243,152,102,95,70,61
30N 119W 1948,30,102,82,61,220,151,126,119,105,81,72,31
30N 119W 1949,63,121,90,150,158,160,113,155,123,91,84,53
30N 119W 1950,60,58,117,151,153,164,76,121,101,70,58,88
30N 119W 1951,112,85,115,91,204,207,157,120,155,128,73,49
30N 119W 1952,24,35,108,99,224,150,84,115,98,107,54,31
30N 119W 1953,56,125,158,183,218,235,143,191,154,139,128,113
30N 119W 1954,77,94,77,174,173,210,108,178,164,105,69,49
30N 119W 1955,81,68,99,226,265,299,202,173,242,173,111,61
30N 119W 1956,72,98,207,165,238,297,191,245,180,139,60,52
30N 119W 1957,20,56,165,184,190,274,202,170,167,122,93,71
30N 119W 1958,105,75,101,229,191,258,185,130,165,130,115,57
30N 119W 1959,99,33,168,149,231,304,195,139,151,153,64,27
30N 119W 1960,45,100,169,144,299,133,111,138,133,121,47,66
30N 119W 1961,33,157,168,164,210,158,94,124,70,66,47,53
30N 119W 1962,49,46,82,189,212,218,155,166,148,97,103,32
30N 119W 1963,9,63,87,115,150,163,182,131,93,71,63,41
30N 119W 1964,69,63,149,169,225,204,176,134,118,60,38,73
30N 119W 1965,44,54,50,39,185,142,95,74,59,58,1,27
30N 119W 1966,44,49,72,64,81,121,132,61,76,51,14,42
30N 119W 1967,29,65,56,73,163,130,126,156,71,91,13,58
30N 119W 1968,32,30,92,116,152,157,102,108,104,76,90,32
30N 119W 1969,8,45,136,185,227,194,219,202,173,134,7,70
30N 119W 1970,27,13,96,183,241,238,177,225,158,117,55,45
30N 119W 1971,82,164,166,232,241,265,196,147,170,142,139,82
30N 119W 1972,91,88,186,180,165,168,125,113,90,61,67,85
30N 119W 1973,64,7,178,192,155,178,137,149,121,90,93,97
30N 119W 1974,22,104,93,234,284,263,147,167,141,104,74,34
30N 119W 1975,50,62,127,174,187,197,192,194,180,146,134,58
30N 119W 1976,44,64,139,160,231,199,160,145,70,80,54,28
30N 119W 1977,38,131,201,169,182,222,181,177,105,125,94,13
30N 119W 1978,9,29,43,141,191,224,184,142,134,99,63,29
30N 119W 1979,7,77,65,223,169,210,162,176,175,155,90,38
30N 119W 1980,20,17,121,202,239,309,211,135,186,124,129,62
30N 119W 1981,29,57,130,173,216,186,153,234,173,107,81,119
30N 119W 1982,51,71,51,135,193,301,200,216,142,122,45,77
30N 119W 1983,29,71,98,100,298,248,247,140,97,83,115,76
30N 119W 1984,100,139,162,226,291,293,157,126,107,158,74,17
30N 119W 1985,27,61,144,170,212,167,152,146,77,95,59,44
30N 119W 1986,31,58,101,135,183,225,154,147,156,92,45,41
30N 119W 1987,81,61,95,145,162,151,234,143,156,37,63,39
30N 119W 1988,39,27,145,83,219,208,128,179,131,99,113,65
30N 119W 1989,77,60,150,139,247,202,205,167,141,73,59,30
30N 119W 1990,35,94,152,132,250,206,107,150,138,86,91,42
30N 119W 1991,32,52,80,229,287,172,167,168,183,114,109,21
30N 119W 1992,44,7,33,157,136,165,87,131,123,84,88,46
30N 119W 1993,14,12,104,279,124,161,111,110,116,70,37,53
30N 119W 1994,67,25,76,189,141,221,175,146,133,131,99,56
30N 119W 1995,10,42,76,189,112,191,123,162,157,105,59,79
30N 119W 1996,101,46,113,179,215,179,119,110,117,163,110,32
30N 119W 1997,66,210,127,230,125,158,108,104,109,113,58,53
30N 119W 1998,64,78,122,143,94,137,138,120,129,166,130,122
30N 119W 1999,66,144,126,191,225,198,162,205,132,126,47,67
30N 119W 2000,59,13,126,160,186,114,176,104,92,87,87,41
30N 119W 2001,60,34,91,187,93,129,123,139,116,75,83,81
30N 119W 2002,87,73,110,101,189,172,78,122,99,103,51,46
30N 119W 2003,38,35,144,112,158,147,108,172,137,96,50,29
30N 119W 2004,79,64,146,155,203,192,127,108,87,72,94,28
30N 119W 2005,24,20,107,199,206,242,129,103,180,152,100,71
30N 119W 2006,113,84,113,88,164,178,99,145,149,129,173,122
30N 119W 2007,97,119,161,241,226,207,147,149,136,136,81,98
30N 119W 2008,18,111,248,255,215,182,115,126,155,112,85,69
30N 119W 2009,57,49,156,182,188,135,122,121,153,175,149,57
30N 119W 2010,17,75,119,81,76,194,150,159,134,70,63,40
30N 119W 2011,44,34,126,211,201,206,176,176,125,107,43,57
30N 119W 2012,83,108,103,126,272,279,177,123,90,103,50,65
30N 119W 2013,42,118,115,189,186,158,100,144,164,94,43,47
30N 119W 2014,45,83,117,147,157,177,74,79,133,59,48,20
30N 119W 2015,18,68,104,157,121,157,69,133,60,76,80,133
30N 119W 2016,44,92,161,120,111,125,115,138,103,92,92,47
30N 119W 2017,18,53,130,221,160,204,90,132,119,117,70,50
30N 119W 2018,52,68,61,194,161,160,94,95,125,80,45,72
30N 119W 2019,17,36,78,147,130,110,172,153,113,93,58,19
31N 119W 2020,110,84,33,152,197,155,154,110,102,72,,
33N 119W 1946,33,43,109,150,273,348,176,152,102,47,17,5
33N 119W 1947,26,23,73,155,151,161,228,156,91,58,21,14
33N 119W 1948,-3,58,77,88,202,147,120,111,78,35,-6,9
33N 119W 1949,24,48,76,125,165,152,107,134,64,49,3,9
33N 119W 1950,42,18,78,141,183,191,86,110,97,46,7,20
33N 119W 1951,72,51,85,110,238,216,159,106,113,61,17,19
33N 119W 1952,10,22,114,94,238,210,98,145,72,67,16,8
33N 119W 1953,18,82,157,255,233,326,153,180,113,75,47,23
33N 119W 1954,30,24,71,178,216,275,122,238,138,72,19,-2
33N 119W 1955,26,32,71,260,365,434,272,238,244,147,67,22
33N 119W 1956,36,92,175,216,277,460,331,372,181,142,-16,3
33N 119W 1957,9,34,183,270,263,348,282,276,193,109,41,10
33N 119W 1958,21,55,115,231,264,441,350,249,181,84,64,6
33N 119W 1959,36,32,150,212,400,491,341,271,240,125,16,5
33N 119W 1960,16,93,193,167,349,197,124,183,103,86,20,11
33N 119W 1961,-10,99,217,163,351,241,145,106,59,36,13,13
33N 119W 1962,0,43,64,184,284,224,284,194,134,83,64,-1
33N 119W 1963,-2,27,93,157,242,310,297,204,46,39,17,-16
33N 119W 1964,20,30,150,288,469,515,403,350,236,94,19,36
33N 119W 1965,20,66,120,64,295,322,308,236,142,55,3,8
33N 119W 1966,11,45,96,184,294,346,322,249,143,60,19,8
33N 119W 1967,4,17,122,175,315,394,314,296,154,63,6,3
33N 119W 1968,2,12,86,203,403,405,255,245,197,88,47,6
33N 119W 1969,4,37,122,237,353,377,356,273,225,125,-8,35
33N 119W 1970,8,10,111,273,299,334,233,265,143,95,17,11
33N 119W 1971,16,108,139,285,321,420,328,179,134,69,46,21
33N 119W 1972,8,33,168,228,243,283,254,201,144,36,16,24
33N 119W 1973,15,1,182,216,290,282,288,234,167,65,75,24
33N 119W 1974,1,43,91,207,372,330,229,245,159,97,26,4
33N 119W 1975,10,45,123,197,282,362,322,251,166,100,55,16
33N 119W 1976,-1,34,120,198,304,262,277,212,88,50,4,-6
33N 119W 1977,9,57,163,207,224,325,285,225,158,91,37,-5
33N 119W 1978,-2,10,22,153,195,306,282,210,97,67,22,-6
33N 119W 1979,-4,31,64,273,280,317,300,276,129,141,22,-9
33N 119W 1980,3,0,95,192,385,407,312,301,224,69,28,-15
33N 119W 1981,-2,10,105,212,334,260,268,272,200,83,27,29
33N 119W 1982,16,27,53,123,272,390,261,234,141,60,9,17
33N 119W 1983,-1,20,96,112,313,373,298,148,119,53,66,34
33N 119W 1984,12,63,140,278,308,394,215,194,90,145,52,0
33N 119W 1985,8,36,170,194,330,294,255,242,127,85,44,-8
33N 119W 1986,-2,29,87,170,271,333,246,222,202,72,16,2
33N 119W 1987,21,27,84,150,240,296,325,243,190,39,28,8
33N 119W 1988,8,7,109,106,305,321,287,269,154,115,83,15
33N 119W 1989,15,45,156,198,379,387,363,325,178,69,18,-10
33N 119W 1990,10,74,182,213,333,283,177,188,134,42,34,6
33N 119W 1991,7,30,98,240,376,300,247,191,131,79,31,0
33N 119W 1992,-8,0,33,150,198,270,177,183,135,73,19,6
33N 119W 1993,-1,15,77,216,171,192,228,164,117,38,5,4
33N 119W 1994,10,9,67,204,217,302,327,216,152,89,45,14
33N 119W 1995,-1,15,46,201,239,259,218,222,171,60,33,26
33N 119W 1996,40,34,95,153,276,292,223,173,142,104,44,0
33N 119W 1997,8,91,86,252,201,282,242,206,125,60,14,-2
33N 119W 1998,23,55,101,140,168,200,167,116,121,84,52,24
33N 119W 1999,17,82,154,250,329,331,272,257,138,60,23,14
33N 119W 2000,33,19,110,182,254,206,295,203,116,94,48,2
33N 119W 2001,14,10,72,271,169,243,264,247,159,68,41,24
33N 119W 2002,24,12,113,205,299,331,258,240,131,129,9,7
33N 119W 2003,-2,20,115,185,326,394,307,344,220,32,7,-3
33N 119W 2004,13,19,82,125,258,218,159,115,64,72,52,2
33N 119W 2005,12,6,98,197,212,239,162,135,187,131,60,43
33N 119W 2006,79,63,142,123,191,211,161,193,134,106,118,62
33N 119W 2007,55,134,165,282,269,262,200,158,140,100,50,47
33N 119W 2008,4,82,209,238,226,225,162,135,109,66,40,41
33N 119W 2009,18,39,142,200,211,167,183,144,134,140,100,36
33N 119W 2010,3,71,127,202,244,294,272,212,123,67,33,25
33N 119W 2011,5,23,105,205,260,289,227,229,118,86,19,22
33N 119W 2012,36,73,116,184,368,416,260,155,103,88,34,36
33N 119W 2013,15,86,136,257,259,318,245,218,180,80,17,6
33N 119W 2014,13,63,86,168,209,301,186,151,143,51,20,2
33N 119W 2015,-1,39,72,168,212,269,178,229,95,74,39,76
33N 119W 2016,13,38,163,165,218,248,271,253,134,93,44,19
33N 119W 2017,13,53,128,239,291,381,253,239,140,89,53,15
33N 119W 2018,23,60,74,287,318,353,220,233,218,70,21,30
33N 119W 2019,1,45,81,222,237,259,330,281,160,59,37,1
33N 119W 2020,73,59,52,180,282,296,311,199,119,66,,
36N 122W 1946,30,16,96,112,173,257,153,146,59,52,17,3
36N 122W 1947,33,9,34,121,105,154,179,154,87,41,65,35
36N 122W 1948,-3,78,66,48,153,114,151,149,97,42,29,13
36N 122W 1949,33,36,13,105,115,150,120,131,44,62,-3,20
36N 122W 1950,35,3,53,124,183,153,115,107,55,13,1,-1
36N 122W 1951,41,23,102,80,166,148,162,106,58,36,1,6
36N 122W 1952,5,18,103,77,170,185,73,135,41,12,4,1
36N 122W 1953,11,116,116,129,145,258,125,81,31,41,5,32
36N 122W 1954,14,2,34,97,161,224,122,168,118,36,7,-8
36N 122W 1955,15,37,83,155,347,364,291,289,216,85,48,-4
36N 122W 1956,3,45,139,126,173,400,276,289,111,96,3,16
36N 122W 1957,4,1,93,162,129,309,272,263,78,36,15,-1
36N 122W 1958,-4,-24,31,126,115,230,242,215,133,44,55,2
36N 122W 1959,12,16,159,160,300,413,318,244,189,105,19,12
36N 122W 1960,1,60,104,141,234,141,93,161,85,64,11,4
36N 122W 1961,-15,74,135,127,242,139,134,88,57,55,1,29
36N 122W 1962,18,8,24,151,208,186,207,140,106,42,51,-3
36N 122W 1963,6,1,34,57,139,232,204,193,28,26,2,-5
36N 122W 1964,23,72,134,266,295,296,313,234,155,35,1,10
36N 122W 1965,7,81,57,55,316,280,228,208,92,32,-10,3
36N 122W 1966,4,25,64,136,208,307,271,242,91,60,0,5
36N 122W 1967,2,28,52,97,266,244,248,214,92,60,-1,10
36N 122W 1968,-3,-6,43,245,306,346,252,158,135,58,18,-1
36N 122W 1969,-3,-1,59,162,247,245,303,282,139,50,-5,0
36N 122W 1970,-17,-3,85,297,226,205,182,221,104,35,-1,0
36N 122W 1971,13,96,68,202,222,294,240,152,79,73,25,7
36N 122W 1972,10,5,107,147,183,228,197,179,83,4,1,4
36N 122W 1973,-2,-28,123,208,260,267,295,250,111,43,17,0
36N 122W 1974,0,33,28,148,361,288,213,217,128,69,19,19
36N 122W 1975,27,10,55,156,271,287,266,201,152,71,57,23
36N 122W 1976,22,20,124,115,259,196,224,109,80,49,4,1
36N 122W 1977,2,34,141,153,138,232,247,173,85,67,41,-10
36N 122W 1978,-36,1,5,59,188,240,252,183,83,68,22,12
36N 122W 1979,-3,10,30,161,259,350,238,259,121,41,3,-9
36N 122W 1980,-1,-17,105,144,317,292,224,276,131,51,32,-7
36N 122W 1981,-20,5,56,189,333,289,250,252,159,42,0,3
36N 122W 1982,2,4,9,41,239,207,221,170,115,26,0,3
36N 122W 1983,-23,-16,4,35,187,269,223,116,74,30,11,2
36N 122W 1984,13,23,101,231,277,336,186,189,113,93,3,-3
36N 122W 1985,-1,51,88,150,228,199,202,180,84,74,28,-11
36N 122W 1986,-15,-2,26,158,206,198,205,181,95,49,45,-2
36N 122W 1987,5,12,24,133,191,197,216,138,129,18,14,-1
36N 122W 1988,0,23,143,53,191,205,212,148,113,56,22,3
36N 122W 1989,23,21,26,80,254,191,335,218,90,27,16,-3
36N 122W 1990,10,42,96,138,149,219,127,107,87,46,39,16
36N 122W 1991,-1,7,39,201,306,228,142,133,56,38,50,-6
36N 122W 1992,-2,-16,12,127,162,173,172,166,96,22,29,-1
36N 122W 1993,-14,-9,51,198,72,201,196,134,97,14,2,0
36N 122W 1994,3,4,61,192,196,288,242,226,95,71,38,6
36N 122W 1995,-107,6,9,131,188,185,150,187,138,54,46,6
36N 122W 1996,17,2,42,113,205,287,186,187,115,97,30,-1
36N 122W 1997,2,123,129,246,115,314,217,156,122,69,1,1
36N 122W 1998,2,2,103,128,114,185,191,158,108,92,36,51
36N 122W 1999,18,49,105,275,403,354,267,228,85,55,2,49
36N 122W 2000,12,-22,147,113,244,176,319,237,89,79,62,4
36N 122W 2001,3,0,85,265,188,325,277,277,135,65,8,7
36N 122W 2002,43,18,84,185,308,431,236,229,120,100,7,-27
36N 122W 2003,-12,35,94,98,291,320,321,274,141,74,-1,-37
36N 122W 2004,0,-1,96,99,262,206,103,72,83,47,61,3
36N 122W 2005,1,0,54,161,152,197,138,128,152,132,70,9
36N 122W 2006,54,44,49,46,171,193,196,148,111,59,118,55
36N 122W 2007,119,78,165,237,222,217,138,101,90,74,73,60
36N 122W 2008,0,65,233,205,171,197,116,114,61,78,46,40
36N 122W 2009,52,2,121,165,149,83,129,91,97,66,37,0
36N 122W 2010,-23,2,52,124,219,306,196,189,105,27,37,1
36N 122W 2011,22,18,23,180,198,203,222,251,84,60,22,44
36N 122W 2012,44,64,43,123,361,386,307,243,178,66,4,10
36N 122W 2013,28,109,107,245,240,318,282,234,177,89,22,31
36N 122W 2014,22,22,38,143,240,346,185,176,118,42,13,-2
36N 122W 2015,10,19,84,161,191,254,156,182,128,59,57,35
36N 122W 2016,-9,28,66,121,176,295,328,245,168,38,19,22
36N 122W 2017,0,6,92,129,286,350,326,228,101,109,21,41
36N 122W 2018,11,107,17,189,272,405,265,269,219,75,20,22
36N 122W 2019,-7,11,20,170,166,241,355,248,175,83,50,-4
36N 122W 2020,66,132,30,168,186,272,283,200,92,62,,
39N 125W 1946,6,-10,45,36,85,111,140,155,35,59,5,-5
39N 125W 1947,14,-3,2,60,68,122,83,169,81,9,44,1
39N 125W 1948,-4,49,28,7,47,108,148,117,54,12,7,7
39N 125W 1949,40,22,-4,44,67,165,160,74,41,65,-35,11
39N 125W 1950,24,-7,12,72,210,121,205,90,48,-6,0,-58
39N 125W 1951,7,2,90,66,87,170,203,179,33,12,-18,4
39N 125W 1952,-3,2,104,45,100,137,144,126,52,0,0,-45
39N 125W 1953,-39,65,40,42,74,189,174,53,33,20,-23,8
39N 125W 1954,-5,-8,11,35,123,124,145,95,57,1,-27,-29
39N 125W 1955,3,26,65,73,284,209,242,254,133,32,14,-44
39N 125W 1956,-62,20,38,107,106,203,204,158,26,45,2,1
39N 125W 1957,1,-10,16,77,35,166,217,167,12,8,2,-19
39N 125W 1958,-113,-150,10,50,47,90,149,143,78,9,11,-15
39N 125W 1959,-4,10,83,123,162,206,257,210,87,63,7,1
39N 125W 1960,-20,18,24,28,48,167,99,130,72,12,-1,-32
39N 125W 1961,-87,13,26,54,75,102,110,66,83,43,-4,14
39N 125W 1962,7,-19,10,51,103,158,186,75,71,5,6,-30
39N 125W 1963,11,-44,9,14,81,254,155,160,3,2,-4,-11
39N 125W 1964,9,106,93,271,140,149,225,197,194,7,-5,-11
39N 125W 1965,-10,36,34,45,300,230,162,102,78,9,-52,3
39N 125W 1966,-1,3,11,126,193,192,186,203,38,52,-12,-7
39N 125W 1967,-7,40,18,45,199,209,260,174,68,18,0,6
39N 125W 1968,-10,-60,2,225,111,240,222,62,76,22,-7,-39
39N 125W 1969,-8,-47,16,42,112,145,340,357,118,9,2,-48
39N 125W 1970,-141,-40,57,219,188,150,214,219,137,13,-28,-16
39N 125W 1971,14,50,8,76,182,169,169,85,63,73,8,9
39N 125W 1972,3,-19,22,90,184,254,191,162,81,41,-2,-2
39N 125W 1973,-49,-53,101,253,252,325,324,319,86,53,-7,-35
39N 125W 1974,1,9,2,105,356,297,182,250,104,114,2,5
39N 125W 1975,20,-20,21,150,254,355,230,247,165,24,19,5
39N 125W 1976,9,9,101,59,331,304,249,111,134,79,2,3
39N 125W 1977,0,5,140,121,97,372,365,193,93,79,14,-49
39N 125W 1978,-112,-14,2,35,289,233,364,245,119,137,54,28
39N 125W 1979,-2,-6,14,36,243,309,170,141,88,7,-17,-37
39N 125W 1980,-1,-77,91,62,264,195,233,338,116,37,7,-22
39N 125W 1981,-90,-3,24,191,250,318,346,216,107,22,-17,-42
39N 125W 1982,8,-1,0,14,329,114,189,123,144,5,-8,-19
39N 125W 1983,-88,-142,-78,19,128,247,217,103,143,23,-29,-16
39N 125W 1984,17,-2,31,111,156,325,275,182,183,37,-32,2
39N 125W 1985,0,86,44,107,120,186,147,139,75,69,22,-11
39N 125W 1986,-124,-37,3,137,109,120,250,158,58,19,40,-22
39N 125W 1987,-15,2,-2,82,168,175,167,181,127,27,0,-11
39N 125W 1988,-22,43,111,23,82,175,263,182,144,40,1,13
39N 125W 1989,36,10,-22,30,178,133,319,232,56,43,49,6
39N 125W 1990,12,18,34,82,87,135,106,62,61,74,39,30
39N 125W 1991,-2,-5,27,105,239,266,201,74,79,52,27,-3
39N 125W 1992,-24,-70,2,18,180,128,148,151,73,7,8,2
39N 125W 1993,-8,-19,3,32,3,219,278,161,107,38,14,-17
39N 125W 1994,-6,-3,17,116,165,223,250,202,71,92,28,-14
39N 125W 1995,-283,0,-7,51,170,138,106,222,88,93,8,-41
39N 125W 1996,-3,-31,11,18,161,332,231,219,117,63,12,-33
39N 125W 1997,-5,74,86,114,38,312,286,80,81,74,-15,-1
39N 125W 1998,-97,-85,39,78,43,259,234,295,159,57,-10,28
39N 125W 1999,11,-22,17,283,364,342,255,181,178,35,-46,16
39N 125W 2000,-21,-113,105,21,116,216,302,272,115,64,14,-5
39N 125W 2001,-5,-5,86,127,256,326,365,203,106,91,-12,-18
39N 125W 2002,3,0,33,117,202,388,271,285,130,129,-2,-175
39N 125W 2003,-102,37,20,18,221,302,327,154,140,51,-6,-95
39N 125W 2004,-38,-25,92,73,149,241,145,97,173,45,78,3
39N 125W 2005,-17,4,18,80,64,196,216,209,194,82,40,-37
39N 125W 2006,1,27,0,30,170,202,297,243,170,116,29,4
39N 125W 2007,107,23,112,146,239,228,116,138,105,37,56,26
39N 125W 2008,-1,39,133,150,231,287,170,194,87,65,11,34
39N 125W 2009,39,-20,94,158,148,137,185,133,108,69,13,-14
39N 125W 2010,-158,-31,17,67,126,269,249,212,102,20,33,-60
39N 125W 2011,20,27,-37,93,119,217,274,269,118,62,6,69
39N 125W 2012,10,35,-7,26,291,244,372,270,222,24,-12,3
39N 125W 2013,38,154,62,234,178,252,384,131,91,137,23,98
39N 125W 2014,15,-3,16,101,207,433,277,244,74,8,0,-29
39N 125W 2015,6,6,55,170,247,287,146,117,171,52,43,1
39N 125W 2016,-120,2,10,82,233,287,363,248,237,0,-13,29
39N 125W 2017,-11,-25,17,19,299,252,417,253,141,152,-12,23
39N 125W 2018,-9,186,2,52,234,387,291,235,199,76,17,3
39N 125W 2019,-30,13,2,150,148,388,323,184,174,117,88,-16
39N 125W 2020,15,250,50,146,88,294,337,269,39,159,,
42N 125W 1946,-16,-68,5,4,49,30,68,99,14,19,-5,-11
42N 125W 1947,-1,-18,-5,12,58,40,32,132,44,-21,14,-22
42N 125W 1948,-7,10,2,-10,15,74,80,60,15,1,-6,-9
42N 125W 1949,17,-45,-1,6,30,117,128,32,24,32,-141,-11
42N 125W 1950,-14,-70,-27,11,129,77,154,41,33,-30,-32,-138
42N 125W 1951,-36,-22,23,54,47,152,119,150,13,-2,-87,-16
42N 125W 1952,-75,-14,34,10,53,75,122,81,33,-1,-24,-184
42N 125W 1953,-204,15,3,5,25,94,130,27,33,1,-94,-9
42N 125W 1954,-52,-60,3,14,71,35,89,52,19,-16,-111,-100
42N 125W 1955,-19,4,17,28,169,120,148,173,70,3,-17,-75
42N 125W 1956,-137,-1,6,93,81,83,137,101,10,9,-9,-21
42N 125W 1957,-2,-14,-14,34,16,85,140,89,3,0,-5,-86
42N 125W 1958,-258,-194,-1,9,49,57,126,89,30,-1,-9,-75
42N 125W 1959,-49,-5,16,71,82,96,173,157,23,14,-3,-20
42N 125W 1960,-66,-10,-2,0,5,141,87,89,51,-7,-48,-67
42N 125W 1961,-194,-56,-37,25,17,58,74,52,76,13,-29,-3
42N 125W 1962,-3,-29,1,13,72,87,179,48,30,-3,-38,-79
42N 125W 1963,17,-101,2,-1,35,157,93,76,-1,-15,-26,-54
42N 125W 1964,-72,35,22,147,89,72,122,99,85,-7,-37,-87
42N 125W 1965,-79,7,28,25,179,195,162,77,99,-2,-101,-25
42N 125W 1966,-47,-10,-12,100,237,94,139,182,24,17,-25,-85
42N 125W 1967,-55,6,3,30,178,195,230,142,41,-5,-2,-5
42N 125W 1968,-56,-104,-17,144,79,160,197,35,46,-2,-62,-97
42N 125W 1969,-25,-83,2,6,55,105,239,191,54,-2,-14,-119
42N 125W 1970,-156,-62,18,98,110,98,154,160,71,0,-48,-72
42N 125W 1971,-1,13,-23,26,145,75,119,52,30,23,-9,-8
42N 125W 1972,-4,-64,-3,29,101,155,119,95,44,60,-34,-43
42N 125W 1973,-89,-53,32,125,106,125,186,198,19,6,-41,-116
42N 125W 1974,-8,-17,-16,31,152,177,87,135,38,41,-22,-23
42N 125W 1975,-11,-65,6,89,101,220,133,123,72,-11,-17,-12
42N 125W 1976,-10,-4,20,15,132,166,95,44,52,7,-23,-27
42N 125W 1977,-21,-57,44,27,36,203,192,79,32,4,-18,-110
42N 125W 1978,-170,-68,0,10,111,87,192,73,8,33,4,3
42N 125W 1979,-30,-69,3,13,100,153,62,46,8,-4,-88,-146
42N 125W 1980,-7,-124,22,6,122,83,152,179,29,-3,-46,-116
42N 125W 1981,-179,-39,-1,44,66,78,201,78,15,-1,-69,-105
42N 125W 1982,-7,-31,-2,3,189,66,97,51,37,-22,-49,-97
42N 125W 1983,-212,-256,-129,8,56,77,61,43,61,0,-144,-22
42N 125W 1984,-17,-85,-9,18,21,101,181,63,31,-4,-117,-4
42N 125W 1985,-32,9,5,21,32,89,80,63,21,1,1,-80
42N 125W 1986,-269,-72,-19,47,14,35,118,77,11,-6,-1,-101
42N 125W 1987,-90,-12,-26,13,55,81,66,140,38,9,-40,-38
42N 125W 1988,-92,0,11,6,13,65,136,122,44,4,-56,-4
42N 125W 1989,0,-1,-43,5,66,78,128,109,27,2,0,-16
42N 125W 1990,-23,-9,1,30,26,46,122,45,46,12,0,2
42N 125W 1991,-21,-45,10,40,135,169,171,49,77,33,-5,-28
42N 125W 1992,-118,-123,3,-2,141,99,126,117,42,0,-11,-21
42N 125W 1993,-39,-36,-18,-23,-1,86,185,126,72,5,6,-75
42N 125W 1994,-40,-31,0,32,75,98,195,93,36,21,-10,-100
42N 125W 1995,-332,-9,-30,15,119,75,82,98,19,18,-39,-143
42N 125W 1996,-45,-84,1,-19,86,177,196,126,58,10,-7,-106
42N 125W 1997,-52,7,4,18,10,113,177,25,7,6,-84,-33
42N 125W 1998,-197,-235,2,26,33,210,174,243,130,2,-103,-7
42N 125W 1999,-26,-216,-22,134,157,177,206,130,158,7,-123,-22
42N 125W 2000,-83,-123,10,6,46,192,193,219,56,8,-10,-57
42N 125W 2001,-54,-21,25,36,186,188,387,137,93,56,-68,-118
42N 125W 2002,-34,-17,2,84,99,196,271,252,93,61,-90,-262
42N 125W 2003,-215,8,-25,-1,134,243,333,211,89,5,-41,-236
42N 125W 2004,-172,-99,12,12,83,129,110,53,74,15,30,-5
42N 125W 2005,-54,11,0,17,12,82,173,182,132,12,8,-89
42N 125W 2006,-85,9,-62,8,103,153,244,193,77,87,-35,-24
42N 125W 2007,49,-12,38,49,152,88,45,68,53,4,20,-11
42N 125W 2008,-7,7,37,56,110,150,108,77,55,15,-6,2
42N 125W 2009,8,-27,28,82,56,73,99,61,26,7,-28,-48
42N 125W 2010,-269,-72,-6,22,41,98,216,124,17,0,-3,-145
42N 125W 2011,0,2,-134,22,40,101,173,153,35,9,-17,30
42N 125W 2012,-18,-3,-58,-5,122,74,242,158,136,0,-72,-50
42N 125W 2013,4,31,10,86,59,103,390,71,19,60,1,70
42N 125W 2014,0,-26,-5,23,78,268,254,192,43,-12,-18,-82
42N 125W 2015,-1,-3,4,72,209,251,132,96,109,9,1,-177
42N 125W 2016,-240,-36,-35,31,160,170,241,188,130,-70,-109,6
42N 125W 2017,-40,-49,-23,-6,139,125,288,173,66,39,-74,2
42N 125W 2018,-72,78,-5,10,162,181,213,157,91,15,-1,-46
42N 125W 2019,-60,5,0,56,103,239,150,93,61,30,40,-52
42N 125W 2020,-89,93,36,64,21,132,222,165,3,85,,
45N 125W 1946,-62,-99,-12,-5,27,2,25,60,1,2,-24,-19
45N 125W 1947,-29,-30,-7,0,37,8,4,72,18,-81,3,-68
45N 125W 1948,-30,-13,-7,-19,0,43,30,23,2,-3,-41,-37
45N 125W 1949,1,-61,-4,-3,7,57,62,7,7,3,-212,-50
45N 125W 1950,-16,-166,-49,-4,49,32,71,15,14,-54,-72,-168
45N 125W 1951,-65,-39,-2,34,16,105,60,98,6,-16,-138,-19
45N 125W 1952,-135,-30,1,-2,18,31,82,50,15,-1,-64,-273
45N 125W 1953,-235,-1,-17,-3,2,24,67,10,18,-9,-147,-45
45N 125W 1954,-57,-101,2,4,28,4,37,37,7,-47,-141,-164
45N 125W 1955,-44,-2,1,0,67,60,68,98,37,-11,-44,-79
45N 125W 1956,-150,-15,-22,57,57,19,92,62,5,-5,-20,-60
45N 125W 1957,-16,-12,-28,13,10,35,66,35,5,-1,-15,-125
45N 125W 1958,-271,-162,-4,-1,38,49,124,63,7,-8,-26,-120
45N 125W 1959,-85,-16,-9,21,33,30,102,90,3,0,-14,-56
45N 125W 1960,-103,-27,-16,-25,-11,65,56,41,26,-39,-87,-87
45N 125W 1961,-253,-134,-91,11,1,21,51,33,42,2,-54,-39
45N 125W 1962,-21,-20,-6,-7,42,29,107,21,11,-19,-113,-99
45N 125W 1963,13,-121,-3,-9,8,72,38,35,-5,-61,-55,-92
45N 125W 1964,-118,13,2,57,45,32,51,40,32,-21,-48,-95
45N 125W 1965,-89,-3,10,5,84,103,99,48,75,-33,-122,-60
45N 125W 1966,-106,-27,-50,43,101,20,80,110,6,-1,-43,-159
45N 125W 1967,-96,-9,-15,11,88,135,134,93,15,-74,-14,-37
45N 125W 1968,-102,-146,-47,47,33,59,104,21,18,-39,-121,-95
45N 125W 1969,-45,-93,-2,-21,13,61,106,46,6,-14,-53,-157
45N 125W 1970,-98,-71,1,25,33,46,71,73,11,-7,-54,-106
45N 125W 1971,-32,-16,-49,-2,66,13,65,24,8,1,-40,-27
45N 125W 1972,-19,-103,-25,-1,34,55,52,56,19,34,-64,-68
45N 125W 1973,-111,-43,-1,43,25,27,76,103,3,-3,-46,-129
45N 125W 1974,-36,-51,-37,2,26,80,36,72,16,6,-46,-75
45N 125W 1975,-33,-77,-1,35,26,98,68,40,38,-48,-79,-44
45N 125W 1976,-41,-30,-10,0,21,56,23,17,14,0,-31,-47
45N 125W 1977,-40,-109,8,1,9,71,73,41,7,-7,-67,-100
45N 125W 1978,-145,-88,-1,-1,28,34,92,13,-5,5,-4,-4
45N 125W 1979,-67,-103,0,6,34,86,30,31,0,-8,-127,-157
45N 125W 1980,-19,-155,1,-7,52,32,103,96,9,-19,-121,-113
45N 125W 1981,-206,-68,-14,0,12,8,107,40,-1,-5,-103,-106
45N 125W 1982,-31,-72,-5,-2,79,59,51,38,12,-40,-52,-98
45N 125W 1983,-202,-216,-95,3,35,19,18,35,25,-1,-166,-52
45N 125W 1984,-29,-131,-33,-8,-2,37,121,37,3,-21,-138,-14
45N 125W 1985,-63,-2,-5,5,15,52,83,46,12,-9,-3,-122
45N 125W 1986,-301,-55,-36,13,1,25,66,84,10,-7,-16,-149
45N 125W 1987,-147,-35,-38,-1,23,43,35,99,17,4,-90,-70
45N 125W 1988,-125,-6,-9,0,-6,14,66,71,17,0,-92,-20
45N 125W 1989,-16,-15,-59,1,26,43,48,62,28,-1,-12,-22
45N 125W 1990,-47,-26,-4,11,9,15,103,25,34,-5,-38,-9
45N 125W 1991,-34,-81,1,7,51,59,80,26,58,14,-50,-56
45N 125W 1992,-170,-128,4,-11,66,61,81,66,13,-4,-42,-33
45N 125W 1993,-55,-50,-35,-64,-4,24,65,65,41,1,-3,-97
45N 125W 1994,-44,-50,-7,4,22,28,118,37,17,1,-36,-149
45N 125W 1995,-292,-12,-37,2,69,31,63,32,5,0,-78,-161
45N 125W 1996,-45,-80,0,-53,34,69,148,70,33,-1,-18,-91
45N 125W 1997,-56,-2,-42,-2,1,9,58,5,-3,-13,-98,-58
45N 125W 1998,-184,-176,-1,9,20,89,60,100,61,-14,-159,-53
45N 125W 1999,-61,-330,-66,31,31,29,87,49,75,-2,-125,-59
45N 125W 2000,-73,-78,-13,0,7,55,56,69,10,-4,-39,-82
45N 125W 2001,-82,-18,0,0,45,37,134,20,28,2,-119,-161
45N 125W 2002,-87,-29,-6,17,14,30,103,91,24,13,-115,-221
45N 125W 2003,-208,0,-82,-17,27,80,93,75,28,-16,-34,-205
45N 125W 2004,-156,-98,-5,1,16,43,53,21,17,2,0,-16
45N 125W 2005,-75,4,-9,-10,-2,23,73,93,54,-24,-12,-85
45N 125W 2006,-157,0,-68,1,29,62,101,114,37,39,-118,-69
45N 125W 2007,-1,-48,-8,0,53,13,14,32,25,-9,-1,-61
45N 125W 2008,-25,-11,-9,9,34,45,49,20,31,0,-38,-19
45N 125W 2009,-3,-19,-5,25,13,34,81,26,2,-7,-114,-64
45N 125W 2010,-257,-92,-29,0,9,27,119,52,0,-12,-34,-172
45N 125W 2011,-18,-11,-157,-1,8,24,59,64,2,-1,-39,2
45N 125W 2012,-62,-44,-75,-16,25,7,96,59,67,-10,-92,-83
45N 125W 2013,-3,-4,-3,16,6,14,186,17,-1,13,-10,4
45N 125W 2014,-17,-62,-33,-3,9,60,100,81,5,-36,-54,-85
45N 125W 2015,-32,-20,-7,7,86,121,74,45,21,-3,-10,-161
45N 125W 2016,-261,-112,-85,2,69,57,68,90,28,-119,-156,-8
45N 125W 2017,-83,-44,-63,-31,29,30,106,87,23,2,-128,-21
45N 125W 2018,-161,16,-8,-8,59,34,91,68,12,0,-21,-113
45N 125W 2019,-92,-1,-12,6,51,76,32,29,7,0,4,-64
45N 125W 2020,-187,8,6,16,1,29,73,43,-1,10,,
48N 125W 1946,-63,-83,-19,-13,12,-1,7,27,-1,-2,-49,-23
48N 125W 1947,-29,-40,-9,0,21,6,-1,28,4,-96,-1,-78
48N 125W 1948,-67,-10,-8,-7,-3,25,14,11,-2,-14,-48,-61
48N 125W 1949,-2,-32,-13,-15,0,23,18,-1,-3,-2,-219,-20
48N 125W 1950,-17,-201,-40,-24,18,8,12,1,0,-74,-91,-140
48N 125W 1951,-68,-48,-8,8,2,51,12,37,-2,-30,-165,-18
48N 125W 1952,-162,-35,-7,-35,2,10,32,14,-1,-13,-104,-293
48N 125W 1953,-108,-13,-30,-9,-6,4,10,0,0,-51,-190,-32
48N 125W 1954,-45,-85,-3,3,4,-2,6,16,0,-85,-133,-166
48N 125W 1955,-49,-1,2,-5,37,30,20,39,11,-32,-68,-96
48N 125W 1956,-170,-22,-28,28,32,7,50,31,2,-14,-46,-71
48N 125W 1957,-57,-18,-37,8,9,22,29,9,0,-13,-35,-114
48N 125W 1958,-240,-148,-10,-3,26,44,90,36,1,-31,-35,-157
48N 125W 1959,-86,-30,-25,10,19,10,42,43,0,-4,-34,-109
48N 125W 1960,-127,-32,-29,-36,-11,39,28,21,7,-56,-85,-111
48N 125W 1961,-254,-106,-91,14,1,5,32,13,23,-4,-66,-45
48N 125W 1962,-42,-20,-6,-16,27,12,54,7,2,-35,-121,-106
48N 125W 1963,1,-101,-1,-3,3,43,24,19,-9,-106,-74,-100
48N 125W 1964,-79,11,5,39,35,22,18,15,7,-28,-45,-85
48N 125W 1965,-64,-4,-4,0,54,58,62,29,36,-77,-117,-67
48N 125W 1966,-101,-25,-70,32,52,11,55,49,0,-9,-44,-166
48N 125W 1967,-67,-27,-12,10,51,85,70,58,3,-97,-32,-51
48N 125W 1968,-107,-175,-55,30,18,30,53,18,8,-76,-132,-87
48N 125W 1969,-61,-116,-6,-41,9,57,62,18,-3,-27,-99,-196
48N 125W 1970,-91,-73,-2,23,18,33,43,36,1,-25,-63,-106
48N 125W 1971,-26,-18,-55,-14,42,6,39,15,1,-7,-56,-20
48N 125W 1972,-8,-83,-32,-5,11,27,15,27,8,5,-84,-66
48N 125W 1973,-151,-56,-7,23,9,11,32,54,0,-11,-26,-104
48N 125W 1974,-31,-46,-31,-3,12,38,19,37,4,-1,-50,-80
48N 125W 1975,-24,-90,-4,17,15,59,45,14,10,-60,-104,-48
48N 125W 1976,-63,-35,-24,-3,6,31,5,9,1,-6,-37,-53
48N 125W 1977,-45,-99,11,-2,9,39,42,24,2,-30,-65,-63
48N 125W 1978,-129,-111,-4,-3,17,28,58,3,-16,0,-16,-10
48N 125W 1979,-73,-82,-2,10,24,83,25,35,-2,-16,-187,-140
48N 125W 1980,-68,-218,3,-15,41,32,63,68,5,-39,-145,-113
48N 125W 1981,-251,-76,-16,-1,8,5,80,24,-6,-10,-123,-102
48N 125W 1982,-24,-73,-1,0,59,74,36,38,7,-44,-56,-96
48N 125W 1983,-165,-197,-63,5,45,24,18,26,12,-3,-127,-126
48N 125W 1984,-42,-143,-29,-14,-1,33,72,27,0,-21,-121,-28
48N 125W 1985,-107,-20,-9,7,20,49,79,39,12,-21,-19,-155
48N 125W 1986,-327,-69,-52,6,2,26,57,84,9,-17,-25,-194
48N 125W 1987,-203,-66,-36,-6,22,37,39,68,9,-1,-102,-115
48N 125W 1988,-152,-16,-12,1,-6,12,54,55,15,-5,-90,-44
48N 125W 1989,-27,-67,-72,0,34,31,31,48,21,-12,-20,-43
48N 125W 1990,-35,-25,-12,7,14,12,61,15,16,-22,-29,-16
48N 125W 1991,-45,-82,-1,2,27,31,27,9,17,1,-82,-70
48N 125W 1992,-171,-125,0,-8,30,42,52,28,8,-13,-53,-46
48N 125W 1993,-102,-82,-39,-55,-2,23,38,26,20,-2,-13,-99
48N 125W 1994,-38,-55,-15,-1,7,11,58,10,3,-7,-34,-153
48N 125W 1995,-314,-31,-58,-2,29,9,37,12,0,-15,-73,-180
48N 125W 1996,-41,-91,-6,-61,14,18,63,26,8,-15,-30,-62
48N 125W 1997,-55,-10,-55,-4,0,1,25,3,-6,-24,-139,-103
48N 125W 1998,-186,-189,-8,3,15,60,24,41,23,-43,-135,-59
48N 125W 1999,-55,-280,-96,7,18,11,44,20,22,-13,-118,-57
48N 125W 2000,-62,-102,-31,-5,3,23,25,33,1,-18,-60,-107
48N 125W 2001,-127,-43,-10,-2,16,25,68,2,3,-9,-145,-130
48N 125W 2002,-69,-47,-6,9,10,18,48,40,4,0,-137,-220
48N 125W 2003,-235,-4,-67,-14,8,37,30,29,3,-34,-23,-228
48N 125W 2004,-122,-110,-17,0,15,18,30,10,3,-2,-14,-22
48N 125W 2005,-74,0,-8,-13,-4,16,30,41,24,-50,-24,-77
48N 125W 2006,-112,-2,-47,0,16,34,54,77,18,18,-75,-82
48N 125W 2007,-17,-42,-19,-7,32,7,12,18,12,-22,-16,-43
48N 125W 2008,-29,-13,-12,6,16,30,29,8,7,-5,-48,-12
48N 125W 2009,-11,-15,-3,14,9,24,32,13,0,-12,-109,-80
48N 125W 2010,-258,-111,-43,1,12,17,59,17,-6,-41,-39,-159
48N 125W 2011,-22,-11,-123,1,5,17,16,18,-5,-9,-48,-4
48N 125W 2012,-77,-50,-57,-15,11,2,39,11,18,-14,-88,-53
48N 125W 2013,-6,-14,-6,17,2,5,84,2,-3,2,-10,-2
48N 125W 2014,-17,-72,-34,-14,2,24,34,35,-1,-62,-49,-88
48N 125W 2015,-49,-27,-18,-1,45,56,35,17,1,-18,-9,-143
48N 125W 2016,-201,-125,-91,-2,38,24,26,35,4,-112,-186,-23
48N 125W 2017,-119,-39,-62,-37,10,11,39,32,2,-3,-137,-28
48N 125W 2018,-185,9,-8,-14,29,9,43,35,0,-9,-48,-130
48N 125W 2019,-122,-12,-21,0,30,36,10,8,0,-7,-9,-88
48N 125W 2020,-155,-3,-1,4,-1,11,25,8,-6,1,,
51N 131W 1946,-48,-97,-4,-16,1,0,1,12,-10,14,-13,13
51N 131W 1947,12,-61,-8,-5,2,3,-1,44,7,-68,-6,-23
51N 131W 1948,-43,2,1,2,-7,31,11,24,2,-18,16,5
51N 131W 1949,0,-3,-12,-57,0,26,11,-4,-3,-12,-154,3
51N 131W 1950,0,-122,-17,-46,4,2,3,-11,-7,-32,-40,-92
51N 131W 1951,-58,-8,-3,2,1,65,11,19,-3,-23,-75,-5
51N 131W 1952,-39,-26,20,-58,-3,8,23,20,-4,-31,-52,-174
51N 131W 1953,-70,-24,-22,-22,-6,5,4,1,4,-85,-94,-18
51N 131W 1954,-14,-40,2,7,-5,-17,-4,31,2,-69,-188,-38
51N 131W 1955,-35,20,14,5,13,9,16,12,3,-35,-103,-76
51N 131W 1956,-216,-1,-19,4,5,-1,10,6,6,-2,-44,-45
51N 131W 1957,-14,-1,-40,2,-2,-1,14,2,-1,-13,-56,-47
51N 131W 1958,-238,-209,-2,-1,2,48,71,0,4,-41,-37,-150
51N 131W 1959,-111,-11,-28,9,6,-6,9,28,-2,-16,-49,-83
51N 131W 1960,-65,-25,-48,-32,-9,22,-1,34,4,-43,-48,-62
51N 131W 1961,-195,-84,-55,27,-5,-10,23,9,26,16,-30,3
51N 131W 1962,-9,-4,-1,-39,23,5,24,15,2,-21,-64,-113
51N 131W 1963,8,-165,15,3,-4,48,26,20,-70,-151,-64,-123
51N 131W 1964,-44,29,22,46,19,2,0,9,18,-58,-24,-26
51N 131W 1965,-39,14,2,-3,33,5,9,16,69,-110,-29,-12
51N 131W 1966,-69,-9,-87,17,5,-10,47,14,-41,-14,-10,-78
51N 131W 1967,-23,-50,7,30,3,75,8,1,-69,-48,-11,-17
51N 131W 1968,1,-136,-67,13,2,1,10,13,5,-52,-118,-20
51N 131W 1969,-7,-45,-9,-71,-2,31,23,8,-9,-51,-79,-225
51N 131W 1970,-50,-84,-15,36,-12,10,9,8,9,-4,-32,-17
51N 131W 1971,-2,-23,-41,-25,11,2,28,-15,10,1,-37,5
51N 131W 1972,2,-59,-25,3,2,6,17,4,38,9,-91,-7
51N 131W 1973,-75,-50,-3,5,-20,-15,5,40,-6,-19,2,-81
51N 131W 1974,5,-37,-6,-9,-3,7,8,44,3,-35,-42,-62
51N 131W 1975,-9,-72,2,17,-1,38,6,7,7,-24,-35,-30
51N 131W 1976,-81,1,-16,-33,-21,20,-23,4,-12,-6,-68,-48
51N 131W 1977,-40,-152,35,-6,9,10,10,27,16,-79,-37,-28
51N 131W 1978,-127,-129,-21,-2,6,53,49,-2,-32,-13,-2,21
51N 131W 1979,-32,-22,-5,8,-3,15,0,14,-22,-53,-87,-57
51N 131W 1980,-12,-110,15,-115,7,24,19,70,17,-81,-77,-40
51N 131W 1981,-309,-9,-77,-4,-16,-14,68,3,-43,-1,-86,-45
51N 131W 1982,5,-13,0,-4,9,25,8,11,9,-7,-11,-51
51N 131W 1983,-191,-156,-43,0,5,-6,0,-1,7,-22,-49,-47
51N 131W 1984,-58,-112,-84,-50,-25,-3,7,-2,-18,-32,-41,2
51N 131W 1985,-122,4,-5,-4,3,2,13,13,25,-2,0,-108
51N 131W 1986,-213,-51,-124,-10,-21,2,20,31,27,-54,-8,-114
51N 131W 1987,-89,-43,-13,-70,-4,0,22,40,0,-5,-72,-31
51N 131W 1988,-65,-30,-34,-2,-26,-9,3,18,6,-24,-64,-7
51N 131W 1989,-1,-11,-50,-1,9,8,0,24,18,-22,-20,-59
51N 131W 1990,-8,2,-70,-4,4,1,31,0,5,-19,12,25
51N 131W 1991,-32,-93,7,-8,15,20,4,5,3,2,-88,-61
51N 131W 1992,-135,-107,-3,-19,7,13,53,11,11,-125,-44,-2
51N 131W 1993,-25,-77,-52,-97,-10,4,46,44,57,-9,2,-115
51N 131W 1994,-52,-9,-16,-16,-6,1,25,9,-4,-6,39,-63
51N 131W 1995,-204,-14,-24,-14,17,0,43,10,-4,-13,-49,-106
51N 131W 1996,-9,-27,-9,-82,6,-1,45,6,5,-14,-36,-22
51N 131W 1997,-98,-50,-32,-31,-2,-13,-2,3,-13,-8,-71,-76
51N 131W 1998,-116,-183,-26,-11,18,102,20,7,9,-48,-43,-24
51N 131W 1999,-9,-118,-28,-8,-2,-5,42,1,18,-17,-97,-18
51N 131W 2000,-18,-24,-85,-18,0,7,13,30,10,-8,-45,-66
51N 131W 2001,-163,-4,-21,-4,-16,-3,28,-24,-19,2,-72,-59
51N 131W 2002,-16,-24,1,16,-3,-2,15,22,9,-4,-147,-163
51N 131W 2003,-243,2,-41,-2,-5,10,2,4,-8,-47,11,-123
51N 131W 2004,-75,-84,-23,-15,18,8,16,3,10,3,-6,-13
51N 131W 2005,-28,-3,-11,-10,-9,15,14,23,31,-60,-33,-117
51N 131W 2006,-76,-1,-14,-12,-5,11,18,52,8,18,-20,-145
51N 131W 2007,-3,-50,-33,-53,-1,-14,-7,11,31,-37,-40,-11
51N 131W 2008,-10,-42,-28,5,7,8,5,1,2,-24,-68,3
51N 131W 2009,-28,-8,-1,9,0,21,46,9,-27,-23,-75,-87
51N 131W 2010,-287,-188,-109,-12,2,-2,103,52,-16,-99,-34,-112
51N 131W 2011,-30,6,-106,4,-9,10,7,5,-49,-45,-13,-12
51N 131W 2012,-72,-36,-50,-54,-8,-5,18,8,8,0,-108,-18
51N 131W 2013,-28,-27,0,18,2,-2,57,-7,-1,4,-7,2
51N 131W 2014,-36,-35,-58,-46,-2,11,6,15,0,-83,-19,-71
51N 131W 2015,-113,-27,-28,-26,63,12,34,13,6,-33,4,-35
51N 131W 2016,-204,-181,-59,-20,32,13,14,62,6,-31,-139,2
51N 131W 2017,-38,0,-39,-29,7,-6,0,14,5,14,-26,-39
51N 131W 2018,-136,34,-1,-10,5,0,69,34,2,-18,-29,-50
51N 131W 2019,-54,34,-17,-6,45,16,2,6,5,-2,-15,-75
51N 131W 2020,-47,11,18,3,-30,0,12,-8,-5,4,,
54N 134W 1946,-57,-161,-49,-68,-2,0,-11,0,-44,-6,-17,-32
54N 134W 1947,-20,-116,-34,-40,-10,-9,0,18,-15,-133,-71,-72
54N 134W 1948,-87,-11,-11,8,-17,9,1,14,-26,-98,-89,-34
54N 134W 1949,-39,-17,-19,-104,-1,-3,-3,-4,-18,-66,-172,-6
54N 134W 1950,9,-202,-40,-74,-43,-3,-18,-16,-26,-58,-84,-100
54N 134W 1951,-116,-10,-25,-12,-3,28,5,5,-23,-44,-98,-8
54N 134W 1952,-75,-85,-6,-62,-17,-2,12,3,-34,-60,-87,-228
54N 134W 1953,-139,-108,-50,-37,-3,3,-1,-2,-16,-164,-90,-133
54N 134W 1954,-48,-54,0,-9,-10,-27,-8,19,-4,-83,-196,-76
54N 134W 1955,-80,-15,-11,-4,-20,0,9,-12,-8,-90,-143,-104
54N 134W 1956,-233,-25,-37,-14,-9,-6,2,-15,5,-44,-159,-87
54N 134W 1957,-8,-21,-49,-8,-8,-9,2,0,-9,-26,-100,-72
54N 134W 1958,-193,-193,2,-2,-4,31,18,-29,-6,-88,-116,-176
54N 134W 1959,-174,-21,-93,-6,-2,-9,-6,3,-12,-37,-114,-156
54N 134W 1960,-64,-36,-83,-30,-12,-4,-12,6,-14,-94,-101,-108
54N 134W 1961,-204,-161,-63,-5,-8,-39,5,-3,7,-44,-48,-41
54N 134W 1962,-41,-1,-9,-73,2,0,2,3,-21,-67,-163,-111
54N 134W 1963,-11,-165,6,1,-12,13,13,16,-109,-200,-84,-178
54N 134W 1964,-100,-56,-7,0,6,0,-4,-6,-1,-86,-69,-52
54N 134W 1965,-130,-54,-2,-4,5,-4,0,15,31,-177,-24,-40
54N 134W 1966,-130,-11,-60,8,-25,-4,42,-2,-87,-60,-13,-82
54N 134W 1967,-70,-112,10,29,-11,36,-2,-10,-93,-56,-19,-40
54N 134W 1968,0,-200,-81,-42,0,-9,-4,-2,-46,-62,-183,-57
54N 134W 1969,-27,-66,-27,-88,-11,8,-11,-13,-22,-120,-147,-293
54N 134W 1970,-82,-109,-45,-9,-48,-4,-7,-6,-11,-19,-54,-50
54N 134W 1971,-40,-78,-53,-42,-9,0,19,-19,-8,-21,-62,-9
54N 134W 1972,-16,-83,-34,-17,-2,-3,3,-12,12,-11,-78,-27
54N 134W 1973,-58,-62,-17,-23,-54,-23,-1,9,-15,-74,-5,-141
54N 134W 1974,-8,-107,-10,-28,-13,-8,3,17,-13,-137,-111,-129
54N 134W 1975,-69,-122,-13,-7,-17,3,-7,-4,-16,-49,-58,-87
54N 134W 1976,-159,-18,-40,-55,-55,5,-26,-7,-56,-39,-163,-86
54N 134W 1977,-100,-236,-10,-31,0,-9,-9,7,2,-163,-36,-38
54N 134W 1978,-145,-163,-51,-5,-24,26,7,-9,-43,-93,-21,-27
54N 134W 1979,-63,-48,-27,4,-26,-2,-16,7,-53,-122,-104,-70
54N 134W 1980,-51,-131,-26,-190,-2,16,-7,20,-7,-191,-144,-59
54N 134W 1981,-370,-21,-105,-11,-24,-12,25,-7,-77,-18,-136,-78
54N 134W 1982,-42,-25,-6,-41,-12,11,3,4,-7,-47,-33,-128
54N 134W 1983,-256,-176,-57,-1,-10,-5,-4,-22,-6,-60,-66,-64
54N 134W 1984,-94,-153,-116,-57,-20,-10,-13,-10,-61,-47,-61,-25
54N 134W 1985,-188,-45,-35,-47,-3,-14,7,2,12,-32,-10,-198
54N 134W 1986,-305,-107,-132,-50,-34,-3,4,-1,8,-85,-51,-198
54N 134W 1987,-137,-91,-26,-159,-45,-46,14,6,-41,-72,-164,-75
54N 134W 1988,-78,-116,-104,-24,-35,-28,-14,-5,-25,-69,-121,-51
54N 134W 1989,-78,6,-64,-8,1,1,0,7,1,-53,-74,-116
54N 134W 1990,-30,-30,-96,-7,4,0,5,-5,-22,-44,-33,-7
54N 134W 1991,-47,-123,3,-55,-4,4,-3,-11,-38,-20,-143,-139
54N 134W 1992,-219,-106,-14,-24,-5,3,11,-2,-25,-68,-92,-15
54N 134W 1993,-23,-76,-84,-80,-2,0,22,16,25,-47,-33,-169
54N 134W 1994,-86,-29,-65,-32,-28,-3,2,7,-54,-76,-23,-99
54N 134W 1995,-162,-30,-21,-41,-1,-8,13,1,-26,-76,-90,-142
54N 134W 1996,-27,-32,-12,-66,3,-15,7,-13,-17,-44,-87,-47
54N 134W 1997,-121,-94,-45,-53,-1,-6,-25,1,-17,-33,-75,-140
54N 134W 1998,-133,-226,-42,-50,5,58,2,-14,-16,-83,-51,-60
54N 134W 1999,-32,-108,-37,-58,-60,-20,13,-18,-40,-102,-171,-96
54N 134W 2000,-54,-29,-137,-33,-7,-1,0,4,-12,-61,-86,-89
54N 134W 2001,-268,-10,-69,-27,-74,-16,4,-26,-114,-59,-111,-97
54N 134W 2002,-39,-58,-3,7,-16,-15,-8,-6,-10,-48,-175,-145
54N 134W 2003,-209,-13,-42,-9,-16,-3,-2,-3,-54,-71,-6,-151
54N 134W 2004,-70,-139,-37,-35,8,0,1,-2,-12,-31,-51,-58
54N 134W 2005,-29,-29,-30,-19,-11,5,-8,-2,-6,-104,-117,-191
54N 134W 2006,-66,-11,-18,-44,-25,-4,3,-1,-35,-14,-46,-287
54N 134W 2007,-58,-48,-88,-99,-27,-6,-19,2,1,-68,-72,-46
54N 134W 2008,-37,-130,-66,-11,-3,-11,-19,-9,-17,-111,-77,-3
54N 134W 2009,-104,-5,-33,-1,-5,9,21,-14,-61,-53,-152,-81
54N 134W 2010,-288,-196,-154,-23,0,-26,21,19,-18,-123,-66,-93
54N 134W 2011,-41,-3,-54,-17,-11,3,-9,-20,-92,-86,-29,-79
54N 134W 2012,-117,-81,-56,-63,-49,-5,0,-3,-29,1,-146,-50
54N 134W 2013,-85,-117,-2,-7,0,-1,20,-6,-28,-20,-24,-34
54N 134W 2014,-92,-29,-64,-42,0,-3,-4,-8,-8,-86,-26,-91
54N 134W 2015,-150,-36,-43,-60,29,-1,4,0,-17,-48,-37,-70
54N 134W 2016,-240,-175,-81,-49,6,-3,-1,16,-7,-30,-171,-24
54N 134W 2017,-29,2,-37,-26,-1,-31,-16,-12,-5,-11,-22,-91
54N 134W 2018,-142,5,0,-17,-8,-3,44,7,1,-77,-73,-114
54N 134W 2019,-38,24,-29,-40,18,0,1,10,-3,-21,-68,-146
54N 134W 2020,-35,-59,9,-10,-38,-7,-6,-53,-7,-17,,
57N 137W 1946,-80,-196,-52,-76,-6,0,-7,-7,-39,-21,-52,-62
57N 137W 1947,-29,-198,-63,-38,-18,-7,0,2,-34,-147,-90,-132
57N 137W 1948,-100,-88,-27,1,-15,2,1,7,-36,-121,-115,-69
57N 137W 1949,-64,-112,-39,-55,-3,-7,-1,-4,-37,-55,-159,-77
57N 137W 1950,-48,-363,-73,-94,-36,-3,-12,-14,-28,-83,-237,-146
57N 137W 1951,-260,-41,-74,-18,-4,15,2,0,-40,-77,-146,-44
57N 137W 1952,-296,-126,-21,-53,-16,-1,6,-1,-32,-72,-125,-307
57N 137W 1953,-323,-125,-53,-49,-3,1,0,-5,-21,-139,-129,-135
57N 137W 1954,-190,-84,-7,-20,-8,-11,-6,6,-11,-95,-157,-116
57N 137W 1955,-114,-38,-30,-16,-29,0,7,-17,-19,-97,-239,-273
57N 137W 1956,-385,-66,-68,-22,-18,-1,2,-23,-2,-49,-169,-190
57N 137W 1957,-51,-68,-77,-17,-14,0,2,-1,-22,-52,-102,-126
57N 137W 1958,-240,-339,-13,-7,-7,18,4,-38,-7,-105,-151,-251
57N 137W 1959,-457,-52,-96,-9,-3,-3,-5,-2,-18,-64,-132,-161
57N 137W 1960,-104,-76,-147,-26,-9,-3,-13,-2,-29,-94,-119,-152
57N 137W 1961,-241,-195,-90,-5,-12,-31,0,-8,0,-25,-93,-110
57N 137W 1962,-134,-29,-28,-60,-1,0,0,1,-36,-94,-189,-155
57N 137W 1963,-29,-214,-6,-2,-17,8,9,10,-89,-168,-152,-247
57N 137W 1964,-185,-70,-32,-8,-1,1,-2,-6,-5,-74,-138,-221
57N 137W 1965,-316,-93,-23,-18,1,-9,-1,9,13,-176,-130,-86
57N 137W 1966,-449,-32,-98,1,-13,1,31,-15,-87,-68,-106,-254
57N 137W 1967,-249,-137,-23,4,-2,20,0,-9,-78,-42,-20,-134
57N 137W 1968,-90,-297,-103,-42,-1,-3,-4,-8,-64,-87,-210,-257
57N 137W 1969,-251,-176,-47,-79,-12,5,-6,-6,-34,-163,-163,-341
57N 137W 1970,-200,-134,-62,-9,-26,-4,-12,-15,-14,-34,-141,-162
57N 137W 1971,-241,-82,-61,-49,-29,0,8,-15,-16,-36,-103,-74
57N 137W 1972,-98,-258,-75,-26,-5,0,1,-18,-1,-28,-99,-131
57N 137W 1973,-104,-122,-26,-32,-48,-4,0,2,-21,-86,-97,-213
57N 137W 1974,-129,-153,-55,-40,-4,-2,6,5,-28,-145,-138,-111
57N 137W 1975,-104,-239,-38,-17,-18,1,-5,-3,-34,-62,-105,-158
57N 137W 1976,-201,-50,-35,-54,-35,6,-6,-8,-81,-58,-237,-132
57N 137W 1977,-147,-219,-22,-35,3,0,-3,1,-6,-171,-59,-166
57N 137W 1978,-284,-258,-93,-7,-24,23,1,-4,-45,-95,-60,-64
57N 137W 1979,-181,-312,-46,1,-24,-1,-14,1,-60,-144,-106,-80
57N 137W 1980,-212,-207,-51,-172,-4,11,-2,3,-22,-172,-167,-244
57N 137W 1981,-335,-44,-101,-11,-16,-1,9,-25,-62,-40,-152,-179
57N 137W 1982,-316,-165,-33,-73,-18,3,1,0,-19,-64,-104,-229
57N 137W 1983,-324,-230,-108,-7,-14,-1,-1,-28,-18,-85,-162,-192
57N 137W 1984,-117,-176,-109,-45,-6,-4,-20,-8,-76,-80,-115,-115
57N 137W 1985,-196,-62,-67,-47,-7,-14,8,0,1,-41,-114,-231
57N 137W 1986,-348,-185,-99,-45,-23,-5,3,-11,0,-94,-134,-219
57N 137W 1987,-197,-151,-87,-138,-38,-58,10,0,-73,-105,-188,-95
57N 137W 1988,-150,-168,-114,-40,-29,-21,-6,-22,-35,-87,-141,-125
57N 137W 1989,-69,-57,-129,-22,0,-1,3,1,-11,-77,-71,-161
57N 137W 1990,-67,-71,-133,-13,4,0,1,-7,-39,-51,-68,-29
57N 137W 1991,-94,-116,-3,-59,-7,5,-1,-28,-55,-53,-181,-155
57N 137W 1992,-235,-166,-40,-28,-6,2,1,-13,-15,-90,-119,-86
57N 137W 1993,-53,-117,-86,-56,-1,2,10,1,13,-54,-37,-147
57N 137W 1994,-203,-201,-76,-25,-26,-2,0,2,-61,-107,-50,-188
57N 137W 1995,-212,-81,-62,-59,-4,-5,7,-2,-44,-74,-224,-301
57N 137W 1996,-201,-72,-38,-69,3,-4,4,-12,-25,-80,-196,-145
57N 137W 1997,-205,-118,-68,-42,0,0,-13,0,-29,-50,-125,-156
57N 137W 1998,-337,-340,-73,-59,4,39,-1,-18,-31,-86,-104,-108
57N 137W 1999,-91,-171,-77,-54,-52,-4,6,-26,-82,-100,-194,-143
57N 137W 2000,-149,-81,-177,-74,-10,-5,0,0,-26,-118,-122,-154
57N 137W 2001,-317,-66,-118,-45,-74,-3,3,-8,-103,-61,-166,-156
57N 137W 2002,-110,-113,-29,2,-18,-10,-8,-4,-14,-66,-209,-156
57N 137W 2003,-234,-65,-75,-25,-22,-4,-1,-3,-64,-66,-21,-177
57N 137W 2004,-109,-166,-41,-45,8,1,2,-3,-25,-40,-74,-126
57N 137W 2005,-79,-70,-79,-38,-11,1,-4,-3,-16,-125,-185,-222
57N 137W 2006,-160,-27,-77,-53,-18,-3,12,-5,-32,-20,-183,-265
57N 137W 2007,-75,-114,-178,-102,-24,0,-2,1,-15,-84,-104,-111
57N 137W 2008,-91,-217,-116,-12,-10,-1,-5,-9,-33,-122,-131,-59
57N 137W 2009,-160,-23,-121,-12,-4,9,16,-9,-49,-78,-125,-87
57N 137W 2010,-314,-138,-142,-29,-1,-24,-2,2,-26,-123,-98,-101
57N 137W 2011,-38,-13,-64,-20,-4,6,-5,-31,-81,-71,-47,-78
57N 137W 2012,-93,-109,-39,-24,-61,-4,-2,-7,-64,-15,-190,-85
57N 137W 2013,-79,-121,-26,-11,-4,0,6,-8,-70,-36,-45,-35
57N 137W 2014,-103,-53,-67,-24,0,-13,-7,-29,-23,-88,-53,-90
57N 137W 2015,-144,-85,-53,-64,13,-5,-4,-6,-29,-77,-53,-121
57N 137W 2016,-241,-198,-100,-70,-1,-5,-2,-3,-17,-61,-205,-69
57N 137W 2017,-49,-11,-103,-33,-8,-22,-6,-25,-21,-30,-109,-115
57N 137W 2018,-198,-5,-15,-34,-23,0,24,-1,-1,-126,-108,-117
57N 137W 2019,-30,-1,-30,-26,13,9,6,9,-2,-23,-51,-134
57N 137W 2020,-41,-42,3,-4,-8,4,0,-18,-7,-17,,
60N 146W 1946,-51,-92,-15,-19,-5,1,0,3,-23,3,-77,-80
60N 146W 1947,-52,-149,-25,-19,-6,-1,6,4,-5,-57,-36,-46
60N 146W 1948,-51,-98,-31,-7,-4,6,10,5,-3,-28,-73,-43
60N 146W 1949,-27,-115,-18,-15,0,6,2,0,-13,-17,-81,-79
60N 146W 1950,-47,-412,-50,-42,-9,0,-1,-4,-12,-32,-188,-112
60N 146W 1951,-185,-31,-83,-7,-2,7,2,2,-17,-46,-78,-36
60N 146W 1952,-268,-98,-22,-17,-2,2,7,-1,-15,-30,-69,-182
60N 146W 1953,-346,-69,-43,-21,0,1,0,5,-8,-71,-118,-91
60N 146W 1954,-209,-91,-7,-28,-7,-2,1,6,-2,-47,-61,-108
60N 146W 1955,-76,-49,-17,-4,-9,10,5,4,-6,-20,-176,-183
60N 146W 1956,-318,-57,-63,-11,-3,3,4,0,0,-18,-33,-247
60N 146W 1957,-38,-67,-48,-12,-13,1,4,1,-15,-36,-59,-68
60N 146W 1958,-138,-293,-22,-6,1,10,4,-10,-1,-47,-56,-202
60N 146W 1959,-470,-29,-63,-9,-3,0,8,2,-7,-43,-99,-56
60N 146W 1960,-75,-67,-146,-20,-3,0,0,2,-4,-42,-85,-81
60N 146W 1961,-142,-124,-100,-5,-4,-5,7,3,7,-10,-74,-201
60N 146W 1962,-140,-27,-29,-37,1,7,2,8,-6,-23,-139,-152
60N 146W 1963,-42,-176,-5,-2,-2,25,18,22,-41,-58,-202,-150
60N 146W 1964,-153,-21,-60,0,-1,5,5,-2,-3,-18,-105,-218
60N 146W 1965,-276,-131,-10,-3,11,14,2,8,21,-61,-104,-78
60N 146W 1966,-415,-20,-112,-3,16,15,15,3,-19,-8,-57,-225
60N 146W 1967,-185,-80,-30,5,0,20,9,8,-40,-28,-16,-67
60N 146W 1968,-138,-153,-42,-1,0,1,0,-2,-14,-30,-87,-177
60N 146W 1969,-229,-126,-21,-30,-3,9,9,-1,-17,-74,-114,-194
60N 146W 1970,-251,-97,-27,2,-1,8,6,4,-7,-28,-109,-175
60N 146W 1971,-413,-64,-99,-19,-2,6,11,-1,-3,-4,-81,-50
60N 146W 1972,-123,-302,-82,-12,1,14,4,1,-1,-9,-60,-116
60N 146W 1973,-133,-113,-11,-8,-16,7,14,11,-6,-28,-113,-168
60N 146W 1974,-202,-196,-79,-18,0,9,15,2,-20,-43,-60,-61
60N 146W 1975,-109,-117,-26,-3,-4,10,3,0,-2,-40,-128,-131
60N 146W 1976,-113,-104,-13,-26,-4,8,2,-2,-33,-22,-123,-146
60N 146W 1977,-132,-120,-10,-11,3,3,0,-1,6,-67,-92,-177
60N 146W 1978,-184,-191,-58,-4,-3,34,9,0,-7,-20,-45,-32
60N 146W 1979,-121,-447,-42,0,-3,8,0,3,-29,-50,-37,-67
60N 146W 1980,-156,-127,-32,-57,-5,11,5,5,-14,-56,-85,-229
60N 146W 1981,-156,-51,-73,-18,-5,3,10,-8,-20,-14,-91,-115
60N 146W 1982,-289,-180,-35,-24,-1,2,6,1,-7,-26,-79,-193
60N 146W 1983,-319,-174,-130,-2,-9,-1,2,1,-2,-26,-132,-128
60N 146W 1984,-79,-124,-64,-13,-1,1,0,0,-34,-53,-77,-57
60N 146W 1985,-104,-80,-31,-9,2,-1,4,3,3,-18,-60,-125
60N 146W 1986,-224,-122,-88,-23,-3,-1,9,2,0,-54,-116,-103
60N 146W 1987,-119,-106,-77,-35,-4,-19,7,1,-16,-17,-68,-41
60N 146W 1988,-115,-134,-77,-33,-6,-3,2,-4,-11,-56,-106,-71
60N 146W 1989,-70,-23,-116,-13,4,-1,5,2,-3,-30,-60,-83
60N 146W 1990,-64,-66,-71,-16,1,5,7,0,2,-14,-76,-28
60N 146W 1991,-46,-81,1,-40,-5,7,3,-4,-15,-19,-162,-53
60N 146W 1992,-117,-85,-24,-33,0,7,4,-1,-6,-36,-45,-31
60N 146W 1993,-13,-70,-47,-37,-2,5,10,4,23,-16,-9,-84
60N 146W 1994,-150,-224,-31,-11,-9,3,3,6,-15,-35,-26,-119
60N 146W 1995,-124,-72,-93,-27,-1,0,9,1,-13,-33,-176,-204
60N 146W 1996,-132,-30,-31,-42,2,3,4,0,-6,-64,-68,-118
60N 146W 1997,-125,-41,-91,-13,2,5,0,1,-8,-45,-65,-50
60N 146W 1998,-169,-109,-14,-11,10,12,4,4,-3,-31,-44,-93
60N 146W 1999,-92,-129,-52,-6,-3,0,4,-2,-17,-26,-122,-59
60N 146W 2000,-68,-39,-49,-30,-4,1,5,-1,-4,-54,-47,-96
60N 146W 2001,-104,-26,-63,-7,-4,0,6,-3,-15,-11,-103,-105
60N 146W 2002,-66,-61,-31,0,0,0,3,7,-1,-19,-92,-55
60N 146W 2003,-103,-30,-77,-16,-1,3,6,-2,-25,-35,-8,-102
60N 146W 2004,-180,-72,-23,-23,4,1,3,-3,-2,-12,-27,-104
60N 146W 2005,-111,-57,-93,-54,-8,0,2,1,3,-67,-173,-169
60N 146W 2006,-196,-3,-126,-40,-5,3,12,7,-9,-2,-260,-165
60N 146W 2007,-51,-119,-219,-86,-10,2,2,0,1,-57,-90,-129
60N 146W 2008,-76,-227,-152,-2,-15,6,5,-13,-26,-54,-108,-85
60N 146W 2009,-128,-16,-111,-10,-8,5,8,-1,-25,-34,-61,-54
60N 146W 2010,-280,-72,-42,-1,2,-3,3,-1,-20,-51,-31,-99
60N 146W 2011,-27,-17,-61,-8,-6,8,1,-16,-48,-26,-20,6
60N 146W 2012,-42,-29,-12,-4,-10,1,-1,-5,-27,-29,-190,-80
60N 146W 2013,-38,-30,-14,-18,-1,1,8,-5,-21,-11,-27,-40
60N 146W 2014,-37,-67,-35,-16,-3,-1,-2,-16,-13,-38,-55,-50
60N 146W 2015,-79,-74,-28,-30,3,-5,4,0,-4,-46,-8,-73
60N 146W 2016,-127,-146,-63,-41,-2,-1,4,-9,-5,-55,-104,-42
60N 146W 2017,-22,-7,-164,-32,-10,-4,0,-13,-20,-3,-105,-46
60N 146W 2018,-142,-13,-18,-37,-11,10,16,13,-10,-57,-84,-41
60N 146W 2019,-43,-7,-33,-13,3,6,5,0,0,-19,-49,-92
60N 146W 2020,-75,-27,-10,-2,-13,2,-3,-12,-27,-35,,
60N 149W 1946,-24,-72,-28,-9,-2,2,0,6,-16,15,-61,-71
60N 149W 1947,-63,-97,-18,-15,-1,0,9,6,-1,-43,-28,-15
60N 149W 1948,-31,-84,-31,-25,-3,7,13,5,0,-8,-73,-39
60N 149W 1949,-13,-79,-7,-20,0,7,3,2,-2,-8,-49,-63
60N 149W 1950,-42,-383,-38,-26,-3,0,0,-1,-3,-21,-164,-90
60N 149W 1951,-127,-16,-76,-1,0,10,4,9,-8,-28,-52,-24
60N 149W 1952,-205,-69,-15,-8,-1,3,10,0,-9,-15,-28,-113
60N 149W 1953,-273,-36,-43,-15,1,1,1,10,-3,-54,-86,-67
60N 149W 1954,-199,-93,-4,-30,-3,-2,3,12,-1,-23,-44,-112
60N 149W 1955,-41,-53,-9,-5,0,11,7,6,-2,-10,-132,-151
60N 149W 1956,-264,-54,-44,-5,9,3,4,2,2,-20,-40,-211
60N 149W 1957,-15,-59,-29,-9,-8,1,3,3,-8,-25,-30,-66
60N 149W 1958,-103,-202,-12,-6,4,13,8,-5,1,-40,-40,-148
60N 149W 1959,-348,-12,-101,-5,-2,1,9,4,-3,-31,-66,-45
60N 149W 1960,-48,-50,-144,-18,-2,0,3,4,2,-29,-76,-53
60N 149W 1961,-114,-113,-102,-5,-3,-3,7,7,12,-12,-55,-192
60N 149W 1962,-130,-22,-23,-45,0,5,2,9,-4,-15,-125,-155
60N 149W 1963,-44,-172,-10,-1,-1,25,17,22,-28,-50,-204,-106
60N 149W 1964,-136,-17,-62,0,-5,4,4,-1,-2,-13,-80,-209
60N 149W 1965,-185,-101,-4,-7,7,13,0,6,27,-76,-61,-76
60N 149W 1966,-281,-19,-130,-4,13,12,11,4,-11,-9,-53,-207
60N 149W 1967,-165,-78,-29,5,0,17,8,11,-23,-25,-3,-47
60N 149W 1968,-138,-118,-41,-1,0,0,1,-1,-12,-27,-79,-138
60N 149W 1969,-155,-86,-16,-22,0,10,9,0,-11,-46,-85,-139
60N 149W 1970,-211,-84,-23,0,-1,8,6,6,-7,-24,-82,-122
60N 149W 1971,-324,-64,-99,-12,0,7,9,0,-2,-2,-66,-25
60N 149W 1972,-98,-252,-93,-12,0,10,3,3,0,-5,-48,-100
60N 149W 1973,-132,-84,-5,-6,-13,4,9,8,-4,-20,-71,-104
60N 149W 1974,-142,-180,-62,-14,0,5,12,2,-11,-32,-41,-50
60N 149W 1975,-85,-66,-20,-3,-6,8,2,0,3,-36,-119,-97
60N 149W 1976,-85,-91,-10,-16,-2,4,2,-1,-17,-12,-68,-94
60N 149W 1977,-91,-82,-13,-5,3,3,1,1,7,-40,-70,-117
60N 149W 1978,-120,-141,-45,-5,-3,32,9,2,-4,-10,-25,-13
60N 149W 1979,-67,-313,-37,1,-3,5,0,4,-20,-30,-14,-76
60N 149W 1980,-130,-77,-22,-45,-3,13,10,7,-10,-37,-65,-203
60N 149W 1981,-102,-38,-58,-16,-5,4,13,0,-14,-10,-70,-84
60N 149W 1982,-191,-187,-15,-24,-1,4,8,1,2,-41,-53,-146
60N 149W 1983,-268,-136,-111,1,-6,-2,1,1,-1,-22,-84,-76
60N 149W 1984,-71,-141,-59,-16,-2,1,0,0,-24,-46,-59,-32
60N 149W 1985,-76,-88,-20,-23,1,-1,3,6,7,-26,-42,-97
60N 149W 1986,-161,-76,-90,-24,-1,-1,7,6,0,-38,-77,-72
60N 149W 1987,-80,-92,-61,-27,-3,-19,5,0,-5,-7,-52,-31
60N 149W 1988,-84,-103,-56,-26,-5,-2,4,1,-4,-52,-109,-36
60N 149W 1989,-107,-17,-106,-10,2,1,4,5,7,-18,-58,-60
60N 149W 1990,-49,-93,-46,-14,1,5,8,1,7,-11,-103,-23
60N 149W 1991,-36,-64,1,-34,-2,8,3,-1,-3,-17,-131,-27
60N 149W 1992,-92,-87,-17,-44,-2,7,4,5,-14,-29,-21,-19
60N 149W 1993,-7,-51,-41,-35,-3,5,7,9,29,-8,-5,-51
60N 149W 1994,-92,-88,-29,-11,-9,3,4,6,-8,-29,-26,-73
60N 149W 1995,-86,-57,-107,-18,-1,0,5,1,-8,-25,-140,-162
60N 149W 1996,-87,-34,-24,-38,1,2,5,0,-2,-73,-51,-147
60N 149W 1997,-106,-36,-112,-16,3,8,2,1,-5,-87,-47,-45
60N 149W 1998,-185,-133,-25,-7,15,12,3,4,-1,-24,-38,-87
60N 149W 1999,-95,-167,-42,-4,-1,-1,6,-2,-7,-26,-108,-42
60N 149W 2000,-52,-30,-37,-26,-7,1,7,-1,-9,-50,-39,-78
60N 149W 2001,-73,-17,-43,-4,-2,1,8,-5,-8,-10,-77,-90
60N 149W 2002,-34,-33,-33,-2,0,1,7,6,1,-11,-55,-31
60N 149W 2003,-80,-14,-89,-14,-1,1,7,0,-22,-30,-13,-86
60N 149W 2004,-188,-59,-28,-24,2,1,2,-3,-2,-4,-14,-83
60N 149W 2005,-122,-46,-68,-40,-5,1,3,1,5,-43,-157,-134
60N 149W 2006,-178,-2,-104,-20,-2,3,10,8,-4,2,-229,-128
60N 149W 2007,-38,-108,-221,-73,-5,3,1,1,2,-38,-62,-99
60N 149W 2008,-64,-205,-116,-1,-9,8,7,-9,-17,-49,-85,-87
60N 149W 2009,-116,-14,-90,-7,-5,5,10,0,-21,-21,-32,-35
60N 149W 2010,-154,-59,-33,-2,2,0,11,6,-7,-24,-22,-108
60N 149W 2011,-28,-38,-49,-3,-4,13,4,-2,-23,-9,-37,12
60N 149W 2012,-71,-15,-17,-6,-4,6,4,1,7,-27,-179,-71
60N 149W 2013,-35,-21,-12,-27,0,4,13,2,-8,12,-26,-41
60N 149W 2014,-33,-68,-25,-17,0,3,2,-3,-3,-35,-53,-41
60N 149W 2015,-79,-68,-27,-13,5,4,8,1,0,-40,-2,-59
60N 149W 2016,-109,-125,-55,-39,2,2,5,3,6,-42,-92,-35
60N 149W 2017,-23,-6,-171,-31,-2,0,5,-3,-6,1,-94,-31
60N 149W 2018,-124,-11,-14,-23,-1,17,18,17,-2,-23,-64,-22
60N 149W 2019,-36,-3,-21,-5,5,5,6,1,4,-5,-32,-74
60N 149W 2020,-93,-16,-16,-1,-5,7,1,0,-9,-18,,